,ID,1AP âˆ†Ffast normalized
2765,9113,8.83181859
2637,8897,5.451068042
2778,9127,4.963762557
2599,8847,4.523620731
2624,8881,4.498073866
2485,8663,4.406524682
2549,8749,4.401461427
2825,9187,4.342507198
2665,8943,4.291108002
2741,9084,4.257839825
3017,9538,4.256555434
2812,9169,4.113001377
2641,8902,4.109196627
2735,9075,4.028384826
2740,9083,4.013645767
2917,9360,3.988284391
2780,9129,3.97526049
2882,9298,3.963998447
2807,9163,3.948066829
3036,9581,3.914401644
2648,8912,3.888035391
2876,9283,3.84206028
2887,9310,3.832618256
2745,9089,3.822149329
2810,9167,3.796995598
2779,9128,3.765030848
2458,8606,3.745846835
2728,9064,3.702408595
2799,9152,3.651907898
2655,8925,3.644190363
2786,9135,3.613600828
2767,9116,3.560566693
2755,9103,3.545871622
2918,9361,3.537282639
912,3296,3.52198793
3000,9519,3.5063468235
3016,9537,3.4902858195
3018,9539,3.464262131
2886,9309,3.453098421
2122,7966,3.4167091825
2875,9282,3.410488758
2664,8942,3.382831046
2899,9330,3.3406300365
2805,9161,3.329756327
2492,8673,3.270535165
2873,9278,3.263854135
2571,8802,3.261535539
1715,6387,3.25353296
2852,9230,3.25083991
2921,9364,3.244568496
2826,9188,3.235542264
2949,9406,3.228699319
2610,8860,3.2285492
2793,9144,3.174705068
2210,8179,3.157203745
2823,9184,3.145981842
2896,9322,3.131991518
2920,9363,3.122555643
2754,9102,3.11785393
2663,8939,3.116373946
2960,9430,3.10185463
2919,9362,3.09604813
2958,9423,3.088356312
2974,9447,3.0837911
2661,8935,3.080616401
2394,8501,3.070332378
2792,9142,3.067814165
2604,8852,3.066166036
2955,9419,3.063127874
2909,9349,3.057154055
3015,9536,3.049431994
2782,9131,3.019420426
2486,8664,3.0184022720000003
2730,9066,3.005384894
2869,9264,2.997001053
13,136,2.9899344680000004
2885,9303,2.985657383
2877,9284,2.980160332
3014,9535,2.978404643
2590,8838,2.961774229
309,1170,2.943012557
2894,9318,2.901919018
2719,9046,2.895097535
2773,9122,2.890366606
2911,9353,2.886774504
2221,8194,2.878428392
2833,9204,2.875739686
2785,9134,2.865201411
2356,8439,2.859860387
2881,9297,2.851968075
2387,8493,2.843330515
2763,9111,2.841119692
2818,9179,2.829174916
2589,8837,2.82384776
2867,9262,2.821324307
2635,8895,2.813207523
2722,9050,2.80681428
3003,9523,2.805802612
2900,9331,2.801167555
2733,9071,2.794672166
2313,8360,2.789455339
2948,9404,2.774791429
2198,8110,2.76771846
2622,8879,2.761148218
2884,9302,2.75909779
2232,8216,2.756737327
2643,8904,2.75217128
2756,9104,2.729495073
2658,8928,2.728862903
2883,9299,2.721860784
2950,9407,2.713684605
3009,9529,2.7127733675
3029,9569,2.7009651715
2619,8876,2.700650349
2653,8921,2.699808956
2808,9164,2.699175725
2623,8880,2.691994815
2953,9415,2.68136241
2870,9265,2.67890929
2771,9120,2.678322666
2809,9165,2.676628221
3021,9547,2.672417729
2226,8202,2.661390072
2862,9255,2.656576718
2768,9117,2.656468615
2946,9402,2.654593251
2357,8440,2.654511137
2944,9399,2.652528607
3032,9576,2.651294847
2739,9081,2.642349611
2777,9126,2.635592943
2903,9339,2.6288907915
2173,8054,2.624219452
2614,8871,2.615623923
2820,9181,2.614837025
3013,9534,2.614596367
2219,8192,2.6132918945
2895,9319,2.6044059995
2904,9340,2.598363933
2175,8056,2.590597574
2522,8716,2.568970353
2657,8927,2.567243343
2753,9099,2.565933957
2456,8603,2.565113991
2393,8500,2.556899896
1733,6406,2.547079239
2396,8507,2.546644622
2766,9114,2.54373848
3037,9583,2.540932432
418,1965,2.5355117305
2790,9139,2.535386931
2443,8582,2.534826372
22,168,2.53287485
3030,9573,2.530241815
2606,8855,2.525914205
2874,9281,2.521052662
1879,6822,2.519368707
3007,9527,2.5192536715
12,135,2.5107927735
2843,9218,2.506347175
2890,9313,2.492594052
2578,8814,2.492021836
2764,9112,2.491764433
2937,9383,2.491525041
24,177,2.490314252
14,142,2.484375092
2938,9384,2.483239017
2770,9119,2.481796408
2183,8084,2.479433287
2984,9464,2.473665014
2879,9293,2.473301366
2931,9376,2.46261492
2450,8592,2.450880315
2951,9409,2.447333977
2893,9317,2.4470325475
2300,8344,2.443878729
2871,9275,2.443855131
3038,9585,2.4422943395
2997,9508,2.4343349555
2697,9007,2.43243386
2607,8856,2.427526661
2317,8366,2.417681351
2112,7952,2.412387106
2855,9234,2.407785387
2935,9381,2.406174016
3012,9533,2.397924077
2670,8952,2.3975577545
2654,8922,2.394839231
2759,9107,2.392781183
1728,6401,2.390637072
2164,8027,2.390131337
2769,9118,2.383825527
2901,9333,2.383812007
2718,9045,2.381127918
2959,9425,2.373651047
2618,8875,2.364868147
2475,8641,2.360576427
2868,9263,2.348037465
2864,9257,2.347346969
2731,9067,2.344625196
2209,8178,2.34367221
2634,8894,2.342118168
2644,8905,2.341668473
2220,8193,2.341561264
2980,9456,2.340487216
2666,8945,2.33963617
2324,8376,2.325785869
2483,8654,2.318445457
3035,9580,2.3050592754999997
2834,9205,2.304062255
3010,9530,2.298965804
2638,8898,2.277904608
2190,8096,2.276376334
2963,9435,2.268968894
2751,9095,2.266281449
2954,9418,2.265088932
2597,8845,2.264591207
2947,9403,2.264291781
562,2337,2.264032278
2605,8854,2.261040288
2872,9277,2.260477255
2577,8812,2.2588684
2889,9312,2.24667788
2905,9344,2.245660346
2892,9315,2.243189854
2423,8555,2.24317825
2449,8590,2.240922612
2994,9500,2.238203543
2692,9000,2.232063613
2414,8544,2.22929548
3027,9561,2.228757429
2410,8539,2.22651119
2866,9259,2.224631368
2302,8346,2.221409002
2503,8692,2.21793468
3039,9586,2.2151288955
1702,6372,2.215113669
2636,8896,2.215077724
2306,8352,2.20488412
2827,9191,2.20322477
2580,8817,2.201528674
2973,9446,2.198772824
2470,8629,2.198629032
783,2984,2.195254841
3028,9568,2.191206572
2846,9221,2.187470666
2444,8583,2.187328364
2848,9226,2.185195717
2592,8840,2.185148521
1392,4644,2.180847817
2910,9350,2.180115469
2797,9149,2.176058494
2630,8887,2.173095136
2878,9292,2.170661728
2228,8206,2.167893881
2157,8014,2.1647358335
2956,9421,2.163043866
2469,8628,2.156559843
2744,9088,2.15115458
2853,9231,2.141953827
2801,9155,2.137962113
2795,9147,2.132120877
2247,8254,2.130290789
2940,9389,2.128081601
2189,8095,2.125344091
2572,8803,2.123645945
36,201,2.117816
2690,8995,2.116282886
3044,9594,2.1160930935
2700,9014,2.107141778
2156,8013,2.1028452255
2361,8449,2.099033096
2617,8874,2.09855031
2104,7933,2.094417053
2548,8748,2.0935382545
2174,8055,2.088940781
2212,8184,2.086223065
423,2018,2.083669435
2595,8843,2.082685162
2403,8524,2.081087778
2397,8510,2.078316055
3026,9560,2.0756294145
1716,6388,2.074485438
2880,9295,2.072693094
2993,9494,2.069978909
2601,8849,2.069826083
1710,6382,2.069691115
2925,9370,2.069574203
2369,8471,2.068481922
2390,8497,2.06622824
2927,9372,2.064223343
2981,9458,2.0607041375
2626,8883,2.059392342
2241,8242,2.053720481
2941,9390,2.051443691
2467,8624,2.047348422
2865,9258,2.0413174345
3022,9549,2.040828785
2646,8907,2.040322038
2788,9137,2.036229301
2976,9451,2.0338588865
2102,7929,2.032433568
1738,6411,2.026467902
2726,9062,2.023563028
2888,9311,2.023426973
2908,9348,2.01907298
2983,9463,2.015934943
2936,9382,2.009784359
23,173,2.008124169
2199,8111,2.008098361
31,191,2.006297247
2952,9411,2.006069903
3033,9577,2.00241609
2591,8839,2.002269646
2262,8278,2.000736664
2493,8674,2.000096752
1725,6398,2.000030414
2929,9374,1.99969076
477,2116,1.998855728
3008,9528,1.997372614
3043,9593,1.995925726
2516,8709,1.994399073
2750,9094,1.991338279
2861,9252,1.984090547
2962,9434,1.9820258325000002
2789,9138,1.980258487
2193,8102,1.972551329
2656,8926,1.970444655
2411,8540,1.966806369
2689,8994,1.964719535
2631,8889,1.963526505
2620,8877,1.962663452
3023,9550,1.960809184
2523,8718,1.960284823
2312,8358,1.959265946
2844,9219,1.959121189
2568,8796,1.9569466805000002
2386,8490,1.955692098
2602,8850,1.954315685
2359,8445,1.949907699
2748,9092,1.949568895
2235,8222,1.948281769
2928,9373,1.948036891
2160,8019,1.9460537175
2547,8747,1.944380653
2514,8706,1.933078393
2659,8931,1.92912118
2473,8638,1.929031405
1713,6385,1.928349814
2491,8672,1.928030872
2596,8844,1.92751369
2616,8873,1.927003791
3040,9588,1.9240074655
2529,8726,1.921999627
2229,8207,1.920760857
2806,9162,1.918996263
2924,9369,1.916930775
2671,8953,1.916438484
2574,8806,1.9141289
2598,8846,1.913470054
2540,8740,1.9128384205
2774,9123,1.909824629
2158,8016,1.9080748285
1749,6422,1.903505199
2966,9438,1.90309305
2567,8795,1.897897115
2252,8261,1.895755449
2707,9032,1.89072815
2593,8841,1.890642493
2305,8351,1.885605213
2541,8741,1.88415022
2217,8190,1.880538511
2586,8833,1.880081334
2162,8021,1.878434182
1062,3752,1.878154502
2481,8651,1.876001906
2746,9090,1.875623177
1717,6389,1.874732958
1747,6420,1.860286923
3004,9524,1.854169495
2615,8872,1.854132596
2977,9453,1.854032074
2594,8842,1.850411793
2600,8848,1.850052909
2539,8739,1.847226121
2775,9124,1.844184222
781,2966,1.842955158
2484,8658,1.842295369
2791,9140,1.838300444
2845,9220,1.835763221
2468,8626,1.833713987
2822,9183,1.832826225
2569,8797,1.82934041
1304,4502,1.828887972
2964,9436,1.8271390775
2724,9060,1.827050871
3041,9589,1.8249869135
2942,9392,1.82321069
2934,9379,1.821647832
1587,5833,1.821011674
2854,9232,1.820714432
2495,8676,1.819656012
2943,9397,1.816409964
2863,9256,1.812969359
2254,8265,1.811113289
2266,8286,1.809123889
2315,8363,1.808562147
2421,8552,1.80656305
2364,8458,1.806492649
2273,8305,1.805471111
1704,6374,1.803808113
2582,8822,1.802053815
2171,8045,1.8006630675
2530,8728,1.800321634
2611,8861,1.799507309
2642,8903,1.799391847
2725,9061,1.798507177
18,151,1.7978886365000002
1714,6386,1.795729294
2608,8857,1.795380451
2842,9217,1.794103774
2732,9068,1.793239525
2131,7980,1.792494097
2781,9130,1.791854641
2265,8285,1.790112384
2368,8468,1.784699908
1408,4672,1.784622584
2365,8459,1.784554608
2182,8079,1.783761077
2813,9173,1.783696064
1688,6358,1.781592711
2121,7965,1.7812147685
2471,8630,1.777815664
127,424,1.776494991
2898,9328,1.7753319195000001
2127,7975,1.7749119985
1735,6408,1.774908218
2902,9338,1.772803664
2494,8675,1.772151264
2358,8441,1.771267239
2932,9377,1.768921195
2422,8554,1.768068055
2752,9096,1.76502207
2208,8177,1.764846612
2159,8017,1.764728275
2939,9388,1.764528759
2186,8087,1.762030092
2418,8548,1.761294593
2147,8003,1.760425984
2542,8742,1.758831142
2588,8836,1.754642799
2184,8085,1.753129291
2647,8909,1.752354621
2276,8312,1.748635429
2250,8259,1.747801767
2415,8545,1.747646645
2474,8639,1.743126991
2933,9378,1.740993419
2794,9146,1.740527596
2095,7916,1.740155115
2662,8937,1.738794631
2218,8191,1.737118941
2362,8451,1.725405398
3020,9545,1.725161465
2857,9246,1.724654829
2531,8729,1.724159722
2366,8461,1.723602721
2849,9227,1.722616371
2945,9400,1.72205985
1760,6437,1.721248001
1805,6736,1.72085899
2352,8432,1.7190557745
1289,4486,1.714157485
1677,6347,1.712965335
1741,6414,1.712489435
2439,8578,1.711288149
2957,9422,1.709874421
2274,8308,1.707885309
2633,8893,1.704563412
2783,9132,1.701756808
2507,8697,1.700349178
2118,7961,1.699079049
2322,8374,1.698938688
2652,8919,1.697820537
1653,6064,1.697352518
2734,9072,1.696316386
2851,9229,1.691890012
2612,8868,1.686778505
2570,8801,1.686529145
2761,9109,1.684834473
2673,8959,1.682935093
2205,8167,1.682662067
625,2482,1.682475112
2621,8878,1.680151562
2996,9507,1.679552326
2603,8851,1.679482126
2477,8645,1.677340263
2546,8746,1.673494767
1264,4458,1.669687374
2552,8752,1.669091094
1046,3703,1.669083491
399,1630,1.6628363475
546,2242,1.660097205
1721,6393,1.658718206
2433,8568,1.658354275
2737,9079,1.656494786
1758,6435,1.652768638
2922,9365,1.652035649
2465,8620,1.651893084
2137,7988,1.650506295
2320,8372,1.649917417
962,3436,1.649818409
2417,8547,1.647894934
716,2727,1.645760432
2856,9242,1.643373079
2916,9359,1.641380242
26,182,1.6390136245
20,158,1.6381224035000002
2800,9154,1.636213452
2835,9208,1.635962354
2556,8760,1.635420683
2609,8858,1.633020144
104,302,1.632798919
1684,6354,1.631967118
2116,7958,1.631108922
1763,6440,1.627531359
2372,8476,1.623789172
1730,6403,1.622959978
2130,7978,1.622882773
2829,9193,1.622569995
2828,9192,1.621584796
1964,7155,1.620703971
410,1902,1.620612255
2710,9036,1.619234663
461,2093,1.619206571
1139,4128,1.6172247925
2304,8350,1.616504555
2563,8783,1.614944753
3045,9596,1.612632777
3006,9526,1.61207169
2715,9041,1.61125535
2380,8484,1.609072429
117,406,1.608611507
1319,4520,1.606693366
2967,9439,1.604101981
1829,6764,1.603760462
2784,9133,1.598482083
2100,7925,1.597666822
2508,8698,1.595504192
2838,9213,1.594790308
2165,8028,1.5915080124999998
2907,9347,1.5909998705000001
2649,8914,1.589654823
2133,7984,1.588614949
2991,9485,1.585626858
2721,9049,1.583040724
2708,9034,1.582944455
420,1973,1.5821599425000001
1299,4496,1.581612388
2442,8581,1.581301205
2727,9063,1.580401549
3031,9575,1.580321512
2314,8361,1.579332546
2115,7957,1.577415487
2651,8918,1.57732919
2148,8004,1.5767553705
114,401,1.576492639
2832,9199,1.57620524
3034,9579,1.5758791165
1742,6415,1.575806908
1696,6366,1.575287145
1736,6409,1.573538991
2181,8078,1.572806064
2830,9197,1.571834869
382,1572,1.57171276
2482,8653,1.571057047
2817,9178,1.570785784
2328,8380,1.568829823
2545,8745,1.568580485
2154,8010,1.5683709575
3019,9543,1.5683557135000001
2236,8223,1.56677517
2389,8495,1.565128104
1734,6407,1.563674915
2428,8563,1.563665809
116,404,1.562735941
2729,9065,1.561114067
2972,9445,1.554015827
2373,8477,1.553719411
2674,8963,1.55314942
1323,4532,1.548890863
3024,9554,1.546733692
2714,9040,1.543015177
701,2710,1.541890293
2461,8613,1.541585272
1287,4484,1.5411223765000002
1689,6359,1.540309945
1727,6400,1.540115522
2990,9479,1.540058182
2385,8489,1.53971637
2081,7895,1.538973161
2192,8101,1.538339347
316,1178,1.537322544
2650,8915,1.534832603
2185,8086,1.53277676
2906,9346,1.5320867025
2496,8678,1.5316851615
2243,8245,1.530542615
2404,8525,1.526801251
936,3363,1.526386217
2502,8691,1.525838138
2424,8558,1.525524988
2802,9156,1.523716574
2816,9177,1.523020214
2259,8272,1.522908252
2490,8671,1.5214237675
1665,6117,1.520661741
2225,8201,1.519431634
2347,8420,1.519299659
2897,9327,1.5161363175
1755,6432,1.515916232
1690,6360,1.511911765
284,1118,1.508903276
2979,9455,1.508801594
2419,8550,1.508484139
2532,8730,1.508283102
278,1107,1.504445284
1705,6375,1.504355122
2520,8713,1.502822882
2188,8092,1.501344698
2144,7999,1.499456901
2840,9215,1.498408535
1682,6352,1.498087593
2738,9080,1.495742567
2103,7930,1.495510827
2841,9216,1.494843075
656,2636,1.4937641
2248,8255,1.491977027
2479,8648,1.489742838
2383,8487,1.489449698
1274,4468,1.487235002
2811,9168,1.486681899
2109,7945,1.483793522
2094,7915,1.482547684
2831,9198,1.481301388
2749,9093,1.480933153
3001,9520,1.480468749
3011,9531,1.479272111
2992,9488,1.477351808
2388,8494,1.477269524
2106,7936,1.476674956
2660,8932,1.47649367
2701,9016,1.476413763
2584,8827,1.472719424
299,1149,1.472393029
2463,8616,1.472123795
1765,6442,1.470245062
69,250,1.469581446
2847,9222,1.468756442
2258,8271,1.468496555
2478,8647,1.468159408
2836,9209,1.467362934
1296,4493,1.4664671
2787,9136,1.465648734
1112,4016,1.464231171
1743,6416,1.46360954
1321,4525,1.463014388
2459,8607,1.462952339
2108,7939,1.462327684
2172,8047,1.462031903
2142,7996,1.461201439
2227,8203,1.461150869
2240,8237,1.461049317
111,396,1.458707909
2581,8819,1.457683247
1569,5788,1.457605336
806,3065,1.456785786
266,1092,1.4562086695
2968,9440,1.4559653865
2988,9470,1.455938961
2222,8197,1.455278194
2308,8354,1.454981568
2215,8188,1.451570976
3042,9591,1.450835387
1720,6392,1.450589357
2435,8571,1.450210633
2747,9091,1.448674369
1003,3544,1.448140437
2370,8474,1.44652509
453,2082,1.445741983
2207,8174,1.445274549
2913,9356,1.443637153
2326,8378,1.443263547
121,410,1.442751546
1754,6428,1.441912747
2505,8695,1.44147783
2999,9517,1.4408365184999998
2551,8751,1.439404638
2975,9449,1.4393062505
978,3481,1.437820684
964,3443,1.437196254
571,2357,1.4365002805
2416,8546,1.435622871
1249,4439,1.434029158
1137,4116,1.43314191
2639,8900,1.43303719
2476,8642,1.43278146
2086,7902,1.432635848
320,1182,1.432327342
1748,6421,1.432194397
2534,8733,1.431237227
818,3097,1.430497895
1761,6438,1.430142702
1295,4492,1.4293526404999999
2688,8989,1.426562645
2480,8650,1.426286858
421,1974,1.4258089790000001
1718,6390,1.424880704
2270,8293,1.423676117
2723,9059,1.423323299
2585,8831,1.422781864
1152,4153,1.42257189
2564,8785,1.42143554
2177,8063,1.420838217
2287,8328,1.420222786
2527,8724,1.419262385
1310,4510,1.4183428839999999
1254,4445,1.416876616
2965,9437,1.416486932
3002,9522,1.415654753
2297,8340,1.414076814
1756,6433,1.413195306
1293,4490,1.41087887
2772,9121,1.409832268
2819,9180,1.409040694
2553,8754,1.408733171
1652,6060,1.408355053
2717,9044,1.40829333
1985,7564,1.407506142
1256,4448,1.4072989515
1692,6362,1.403929512
2045,7709,1.403856461
1217,4228,1.403696007
653,2632,1.401801626
10,131,1.400899602
1752,6425,1.400648653
1297,4494,1.399770502
1659,6090,1.399176686
2961,9431,1.3988723520000002
243,1060,1.398283418
2316,8365,1.398263685
2161,8020,1.397652083
2640,8901,1.397609058
300,1152,1.39624768
303,1161,1.395560815
2515,8707,1.39480628
2705,9028,1.393443716
2141,7995,1.3933200705
2850,9228,1.393113235
2742,9085,1.39271179
2971,9444,1.3913862935
2613,8870,1.390955891
2669,8949,1.390332261
2466,8621,1.389438733
2803,9157,1.388826698
1724,6397,1.388124822
2632,8892,1.386936112
2998,9516,1.3855423519999999
757,2774,1.3845232054999999
2408,8537,1.383555791
2629,8886,1.383486385
1712,6384,1.380739872
696,2705,1.380616289
457,2086,1.3801407785
2194,8103,1.37938482
2995,9505,1.376653149
1420,4703,1.376530019
749,2766,1.3747220334999999
1477,4892,1.3729500015
1351,4582,1.371898517
3025,9558,1.371743052
2437,8575,1.371607917
736,2750,1.370858243
1037,3678,1.369855261
115,402,1.369217381
2378,8482,1.368265967
1362,4598,1.368263855
2457,8604,1.367919031
1258,4450,1.36771614
2698,9009,1.366131955
1700,6370,1.365395698
2406,8530,1.364399442
2155,8011,1.3636440875
408,1897,1.363430523
2382,8486,1.363351137
787,3023,1.362736404
2261,8277,1.362636086
1878,6821,1.362482144
1132,4091,1.362078928
2301,8345,1.36174665
2736,9078,1.360549709
2451,8594,1.360462932
634,2502,1.3603283469999998
1739,6412,1.359723471
2489,8670,1.35947388
2138,7989,1.3588775205
2399,8514,1.355050729
1248,4437,1.354580794
9,129,1.3545038455
445,2071,1.354302816
312,1174,1.353645038
1731,6404,1.352098797
2140,7991,1.35159596
2237,8227,1.350256535
317,1179,1.348313381
2329,8383,1.348069792
2691,8999,1.347548225
1039,3680,1.347285991
330,1192,1.34685435
2343,8411,1.344813213
2409,8538,1.344227478
1737,6410,1.343900032
2355,8437,1.3435468725000002
2078,7892,1.343134009
384,1579,1.3413527
1585,5831,1.341059638
2325,8377,1.340899946
799,3046,1.339722591
463,2095,1.339495779
1872,6814,1.338597457
2327,8379,1.338411266
2151,8007,1.336925892
1787,6656,1.336911837
2187,8088,1.336146745
2711,9037,1.33396451
2230,8209,1.333606797
1972,7340,1.331675065
1809,6740,1.331478837
698,2707,1.3293113645
2859,9249,1.329003558
398,1628,1.328933438
301,1156,1.326243514
1732,6405,1.325920335
910,3272,1.325013506
2668,8948,1.32497002
2821,9182,1.324938911
2166,8031,1.324876088
2075,7888,1.32273792
2627,8884,1.32256995
611,2451,1.322540176
2082,7897,1.321948654
1377,4622,1.3218383325
2132,7981,1.321316811
2076,7889,1.320097001
2448,8589,1.319945777
1251,4442,1.3196112505
1703,6373,1.319275209
1672,6154,1.319226969
110,395,1.317766311
2412,8541,1.317738664
1476,4890,1.316767573
601,2431,1.316496696
2926,9371,1.314211656
2168,8033,1.313595171
2253,8264,1.310772952
758,2775,1.309019496
522,2186,1.30787414
1868,6810,1.304570239
1301,4499,1.3044791895
430,2043,1.304090139
2381,8485,1.302490455
1654,6068,1.301777872
2275,8309,1.300320185
2536,8735,1.299590246
2167,8032,1.299335589
458,2087,1.2989606155
2525,8721,1.298585505
585,2395,1.2978065445
2699,9010,1.297684016
1509,5500,1.2976237025
730,2742,1.2962043995
901,3255,1.295297698
764,2782,1.295036013
631,2496,1.293734791
2824,9186,1.293556981
2176,8061,1.292421667
861,3166,1.292320276
2179,8068,1.290383954
2128,7976,1.29021789
2930,9375,1.290183615
2224,8200,1.289911206
2528,8725,1.288948978
2206,8169,1.286617049
1958,7110,1.285957217
1959,7111,1.285846865
1967,7262,1.2848543714999998
728,2740,1.2842908995
129,431,1.284129306
466,2098,1.283341866
2969,9441,1.282668938
1490,5209,1.282572114
262,1087,1.281823085
2776,9125,1.281693219
1719,6391,1.2814937985000001
1687,6357,1.281488383
2379,8483,1.281439484
2346,8418,1.281318263
745,2761,1.280620455
1020,3595,1.277664139
2519,8712,1.2768972205
2526,8722,1.27646128
1954,7106,1.275685122
2695,9004,1.275120249
1740,6413,1.275091764
751,2768,1.274717383
507,2166,1.274371355
2696,9005,1.274022415
481,2121,1.274014701
446,2072,1.273563225
464,2096,1.272759377
1590,5836,1.272346051
1188,4195,1.270946715
2400,8515,1.270841865
260,1085,1.270007546
2293,8335,1.269455011
2686,8982,1.269172773
136,447,1.268452981
2982,9460,1.267168708
2837,9212,1.266809637
148,479,1.266153713
414,1947,1.264109463
455,2084,1.2640625835
2163,8024,1.2639282385
1309,4508,1.263105688
279,1111,1.262874406
2472,8635,1.262509759
2562,8780,1.261849965
478,2118,1.259378862
1034,3670,1.259132419
2685,8979,1.258072608
2374,8478,1.257333285
2537,8736,1.25666477
1208,4217,1.256591867
438,2060,1.256302234
2447,8586,1.256139721
1272,4466,1.2552758185
2506,8696,1.254991105
2758,9106,1.25412114
147,477,1.253436803
1902,6892,1.252511383
378,1555,1.251946747
2709,9035,1.251552474
534,2207,1.250927132
1111,4015,1.250705337
763,2781,1.250632912
454,2083,1.250148662
60,233,1.248974431
2123,7968,1.2486781765
2544,8744,1.246627605
2360,8447,1.244499899
2264,8280,1.243193424
1469,4867,1.24281348
1883,6826,1.242746828
1226,4291,1.242077524
1397,4650,1.2418006395
2462,8615,1.241659065
2047,7723,1.240695348
1324,4533,1.240607834
2460,8609,1.240217381
2583,8826,1.239612921
180,586,1.238730026
2105,7935,1.23831353
1711,6383,1.238312037
2555,8757,1.236904103
2139,7990,1.2366076315
77,262,1.2363434020000001
1918,7036,1.234620621
2096,7919,1.23389734
1302,4500,1.233082124
1156,4161,1.2323011085000002
1571,5790,1.2318277334999999
1214,4224,1.2306828914999999
1317,4518,1.230292374
1903,6896,1.230267793
2550,8750,1.230179693
951,3412,1.230158811
2645,8906,1.230078043
1845,6782,1.229323429
1262,4456,1.228987736
2912,9355,1.228086765
1446,4840,1.227916226
474,2112,1.2275412
1384,4631,1.224666378
1236,4387,1.224113822
1497,5263,1.222449524
2170,8035,1.2224212535
1222,4234,1.220306723
2628,8885,1.220159308
313,1175,1.219088972
364,1230,1.218608051
2796,9148,1.218488261
442,2068,1.218456375
1348,4574,1.217870692
1570,5789,1.217034061
630,2495,1.216924288
1875,6817,1.215891792
2268,8290,1.21571361
1268,4462,1.213975843
2088,7905,1.213697399
2350,8426,1.213693881
1320,4522,1.2127449365
447,2073,1.211584236
2557,8764,1.211298441
1726,6399,1.210057438
118,407,1.209443478
131,434,1.209319403
1227,4296,1.208330311
2814,9175,1.207901191
807,3066,1.207289223
531,2204,1.20583578
2180,8072,1.205421801
2200,8112,1.20535976
1368,4608,1.204785155
2351,8427,1.204690651
792,3034,1.204532802
322,1184,1.204348957
2234,8220,1.203761599
88,276,1.2031545339999998
2149,8005,1.2026461155
538,2211,1.202529343
2441,8580,1.201829005
2518,8711,1.201519432
857,3161,1.2014863015000001
2341,8407,1.20035336
704,2713,1.1975882265000002
497,2154,1.197414553
1088,3891,1.196684484
2330,8384,1.196297038
1480,5024,1.195514782
1961,7114,1.195253141
1282,4478,1.194639909
980,3486,1.192873951
2987,9467,1.191774826
2267,8288,1.191385539
2533,8731,1.190465906
2573,8804,1.190142179
2216,8189,1.189824332
1723,6396,1.189784274
2512,8703,1.189212199
513,2173,1.188915407
1691,6361,1.188649343
1192,4200,1.188518705
2257,8269,1.188268921
495,2150,1.187049119
996,3530,1.186274662
512,2172,1.184826916
2683,8974,1.184581149
1342,4566,1.1844468805
1253,4444,1.183495392
604,2441,1.182516944
864,3172,1.182339186
2743,9087,1.182107265
1460,4856,1.181835814
618,2466,1.181410581
2152,8008,1.1805059039999999
1489,5198,1.180248562
1499,5280,1.179068978
72,254,1.1779033635
1396,4649,1.1768394765
1655,6076,1.176501838
432,2050,1.176450465
362,1225,1.175354661
2706,9031,1.175090243
1163,4168,1.174993339
2804,9159,1.174713137
2311,8357,1.174345585
995,3525,1.1741204884999998
2303,8349,1.173961775
321,1183,1.17393286
2083,7898,1.17378789
1022,3600,1.173518484
2429,8564,1.173079273
2375,8479,1.172911885
2712,9038,1.172749318
1663,6114,1.171495369
2576,8810,1.171366203
451,2080,1.170493297
788,3025,1.170203909
1165,4170,1.170147399
1698,6368,1.169685635
2113,7953,1.167475227
404,1848,1.166994911
1949,7100,1.166979552
1433,4821,1.166959248
462,2094,1.1662724199999999
729,2741,1.1662037395
2169,8034,1.165624674
2427,8562,1.165410868
711,2722,1.164199746
1311,4511,1.164057082
569,2355,1.163791656
2702,9021,1.161796692
1867,6809,1.161074772
1788,6660,1.1607284
2704,9025,1.16040631
1481,5039,1.159746446
683,2689,1.158645966
2214,8186,1.158409713
2891,9314,1.158293374
1072,3806,1.157349075
2923,9366,1.157234374
2143,7998,1.15689683
2693,9002,1.156708399
1229,4320,1.155987816
1221,4232,1.1557771890000001
2087,7903,1.154029233
1202,4211,1.153711842
1330,4543,1.153494727
2760,9108,1.153086529
1391,4643,1.152936112
2587,8835,1.151888039
157,502,1.1505952085
1746,6419,1.150558339
1856,6794,1.14950119
400,1631,1.149394805
2260,8276,1.149070961
1074,3809,1.148666238
2107,7937,1.148430222
1452,4847,1.148400835
391,1596,1.148328913
2672,8957,1.148125617
1426,4712,1.147993372
1300,4497,1.147642457
1686,6356,1.146690001
1671,6152,1.146243169
588,2402,1.14576904
1370,4613,1.145759587
1263,4457,1.143989354
1764,6441,1.143518744
1876,6818,1.143384384
1406,4670,1.142758614
1459,4855,1.142505015
2272,8303,1.142471327
1487,5151,1.142340777
406,1878,1.141736495
1685,6355,1.141314208
731,2743,1.141228963
723,2734,1.140755672
1206,4215,1.140229141
1425,4709,1.139872921
1040,3684,1.139775209
1762,6439,1.139665744
1485,5147,1.139491892
1281,4477,1.138700054
819,3098,1.138074753
859,3163,1.138021387
2716,9042,1.137976493
2090,7907,1.136765973
1193,4201,1.136576324
556,2325,1.136289166
1228,4311,1.136232701
55,228,1.135473954
2345,8415,1.134896853
2153,8009,1.134803534
985,3497,1.134746783
377,1554,1.133752725
2858,9248,1.133095931
475,2113,1.133031837
1399,4652,1.132483146
1363,4602,1.1321982015
2970,9443,1.1319568114999998
2111,7949,1.131355683
1969,7295,1.130906945
1000,3538,1.1308095315
858,3162,1.130249701
1182,4188,1.130059661
426,2034,1.12979741
1269,4463,1.129397787
744,2760,1.1290451049999999
1415,4689,1.128219069
2299,8342,1.12703819
750,2767,1.126143168
1486,5148,1.124880991
401,1636,1.124294239
2543,8743,1.123854558
746,2763,1.123822026
1177,4183,1.123673304
1405,4669,1.122529353
1908,6919,1.122384108
2336,8393,1.122282989
2321,8373,1.121579184
747,2764,1.121412187
2446,8585,1.121348863
19,152,1.120808188
2420,8551,1.119112771
2815,9176,1.118665889
1568,5782,1.118373882
1245,4432,1.117813052
2110,7947,1.117765132
545,2236,1.117679727
2178,8064,1.117359166
1745,6418,1.117306358
1683,6353,1.117270143
1897,6860,1.117078231
2093,7910,1.116989562
879,3227,1.116862813
1164,4169,1.1158845895
467,2101,1.115878992
2005,7616,1.11563406
2089,7906,1.115084569
790,3032,1.114971039
1707,6378,1.114746026
1220,4231,1.114542001
1190,4198,1.113608981
1207,4216,1.11360052
1316,4517,1.113575089
2438,8576,1.113375888
2239,8236,1.113257291
693,2702,1.113047793
1402,4662,1.112836432
2242,8244,1.112831813
1612,5974,1.112791558
844,3141,1.1121756305
439,2061,1.112160008
1332,4547,1.112135524
1673,6258,1.111525442
484,2132,1.111343442
529,2197,1.111083014
1492,5222,1.11105484
2371,8475,1.110874508
774,2793,1.110600698
112,399,1.107880288
1004,3545,1.1071134585
503,2161,1.1068012705
1157,4162,1.106376512
768,2786,1.1063526165
1121,4038,1.10598844
2579,8816,1.103773684
119,408,1.10342241
1990,7596,1.103370909
2839,9214,1.102721719
2145,8001,1.1022803055
1083,3836,1.1021838375000002
2077,7890,1.101490343
1334,4549,1.101209667
1250,4440,1.101086402
742,2758,1.100325803
1103,3986,1.100320255
1318,4519,1.099354112
460,2089,1.099351246
1349,4577,1.098404821
277,1106,1.09838611
429,2042,1.097650641
2098,7922,1.097501442
575,2370,1.097496701
1983,7496,1.097396836
965,3444,1.096550529
1596,5856,1.095550493
1769,6451,1.095405854
1750,6423,1.095091046
603,2437,1.095067599
1230,4327,1.094677685
1658,6084,1.094101009
2434,8570,1.094087931
986,3498,1.09397135
599,2426,1.093749902
2072,7868,1.093582033
961,3431,1.093310282
2565,8791,1.093219821
1380,4625,1.093067961
2464,8618,1.092849888
1265,4459,1.0928229245
2488,8669,1.092742763
2335,8392,1.092445953
1901,6880,1.091835794
848,3150,1.091574436
1912,7023,1.091334418
570,2356,1.09127846
2101,7926,1.090257008
2119,7963,1.089708857
1002,3541,1.089362594
699,2708,1.0893393685000001
3005,9525,1.0891970020000001
508,2168,1.0885058065
1491,5210,1.088313099
1011,3559,1.088174911
717,2728,1.0875988355
1916,7029,1.08759029
2223,8199,1.087133414
2032,7668,1.085962864
979,3482,1.085862378
1786,6655,1.085823161
937,3364,1.085504482
1009,3552,1.085012058
1359,4594,1.0847001745
1100,3968,1.084598293
1984,7563,1.084311564
113,400,1.083845906
407,1882,1.083584479
1,80,1.0834199375
649,2625,1.083323658
2197,8109,1.083051693
932,3352,1.082945112
106,339,1.0826857185
984,3495,1.082636182
812,3084,1.082219228
1200,4208,1.0819243765
1699,6369,1.081782543
1966,7228,1.081226966
544,2230,1.080973308
877,3219,1.080838228
1213,4223,1.080291741
470,2107,1.080119182
1114,4022,1.079793606
409,1901,1.078898614
2256,8268,1.07884425
813,3091,1.07859365
824,3110,1.078086771
2561,8776,1.077588634
2292,8334,1.077531581
2678,8968,1.077139161
2114,7954,1.076853707
2080,7894,1.0768393
708,2718,1.076158864
574,2367,1.0760106194999999
2720,9047,1.075347119
2535,8734,1.075331529
1680,6350,1.075312482
1008,3551,1.074971932
1061,3751,1.074883142
1261,4455,1.073773115
970,3459,1.073539993
1303,4501,1.073258666
2915,9358,1.072199324
2084,7900,1.072172815
1417,4699,1.070458027
596,2421,1.070361954
1335,4551,1.070337002
1171,4176,1.070148925
422,1994,1.068412252
519,2181,1.068138241
1115,4026,1.0679755
1801,6732,1.067811203
485,2133,1.067737319
733,2745,1.066671572
1422,4706,1.065702214
1849,6786,1.065540442
843,3140,1.0653856670000001
2331,8386,1.065129044
2985,9465,1.064982649
876,3216,1.064714032
2120,7964,1.0637701234999999
2762,9110,1.063357442
1657,6083,1.063222367
1187,4194,1.063068619
598,2425,1.062993036
1066,3776,1.062868828
1468,4866,1.062421079
2713,9039,1.062391071
2986,9466,1.062375944
2319,8371,1.062299832
2487,8668,1.061811772
1148,4147,1.0616552955
2020,7645,1.061410082
2509,8699,1.061364476
2244,8248,1.060660179
359,1222,1.059985288
1970,7324,1.059752019
2431,8566,1.059732948
1395,4647,1.059538959
126,422,1.058751017
841,3138,1.058619536
1905,6904,1.058441925
2454,8600,1.058344332
92,280,1.058339547
1147,4146,1.0581233565
1504,5435,1.05803508
1799,6728,1.057581038
374,1548,1.0557758154999999
323,1185,1.0555061075
1312,4512,1.0551114845
1361,4597,1.055092842
684,2691,1.055080594
1963,7131,1.054396845
1768,6450,1.0539247165
1063,3754,1.053486058
2233,8219,1.052713787
137,448,1.052686347
1159,4164,1.052518301
1195,4203,1.0522264415
413,1940,1.052150853
1373,4616,1.052000414
1204,4213,1.051292533
872,3199,1.050394828
794,3038,1.05028955
1774,6527,1.05028847
752,2769,1.050118847
715,2726,1.0500002855
525,2190,1.049355899
998,3532,1.049028853
1542,5672,1.048444099
2333,8389,1.048416677
801,3052,1.04841018
1060,3750,1.048276728
1119,4034,1.048058966
2413,8543,1.047941041
2245,8251,1.047623356
2521,8714,1.047588064
862,3167,1.04749586
1414,4687,1.047399023
808,3073,1.047171078
2337,8394,1.047140672
1109,4006,1.046875996
1404,4668,1.046763162
444,2070,1.0466734445
1136,4111,1.04658152
146,474,1.046362304
1240,4408,1.046201078
2914,9357,1.045729737
2027,7660,1.045428396
2687,8987,1.045159142
1385,4634,1.045010868
655,2635,1.044910509
853,3157,1.044853086
1598,5865,1.044306382
637,2505,1.043783054
123,413,1.043319866
403,1648,1.043250947
1267,4461,1.0429595015
155,498,1.042488844
2436,8572,1.041799981
1744,6417,1.041774916
1987,7570,1.0417122330000002
886,3237,1.04159757
1592,5841,1.040740676
938,3366,1.040581423
2504,8694,1.040562941
1059,3747,1.03975175
1162,4167,1.039691204
2510,8700,1.039490245
2498,8681,1.038961661
784,2996,1.038689819
889,3241,1.038580592
2501,8690,1.038471807
249,1072,1.038118928
700,2709,1.03784799
687,2696,1.037464506
1118,4029,1.0369746
1579,5808,1.036859326
1864,6804,1.036546555
1278,4472,1.035639827
2694,9003,1.035083159
837,3133,1.034664901
1494,5248,1.033828402
1693,6363,1.033726401
2978,9454,1.033114011
1479,4898,1.03303726
2056,7794,1.032908312
1432,4819,1.032551941
526,2192,1.032498185
678,2681,1.032333758
490,2142,1.032191909
2445,8584,1.032059767
972,3461,1.031712444
710,2721,1.03154155
542,2226,1.031486395
635,2503,1.031323874
2024,7652,1.031077683
1507,5456,1.030911486
40,209,1.030879427
1729,6402,1.029438588
2246,8252,1.029168298
2048,7724,1.028984559
371,1258,1.028910198
983,3490,1.028858773
674,2665,1.028797656
2055,7792,1.028517362
814,3092,1.027380416
536,2209,1.027255069
1233,4357,1.02725463
315,1177,1.027211634
1938,7073,1.027172425
722,2733,1.027155408
68,249,1.027117301
1575,5797,1.027068605
2310,8356,1.026899317
627,2484,1.026714673
828,3119,1.026449166
1033,3667,1.026082817
2554,8755,1.026049182
1149,4148,1.025566051
1413,4684,1.025204754
521,2185,1.024933915
1174,4179,1.0248456755
1904,6900,1.024212227
1535,5642,1.024071897
285,1119,1.023868444
987,3502,1.0232020695
2091,7908,1.023077406
482,2122,1.023052107
775,2794,1.022811612
343,1206,1.022198422
415,1949,1.022014651
1035,3672,1.021812822
1403,4664,1.02084339
1434,4822,1.020185696
1235,4380,1.01999052
771,2789,1.019736294
1678,6348,1.019723518
1503,5434,1.018708549
2398,8512,1.018427255
847,3148,1.018201565
395,1614,1.0180413865
2677,8967,1.017901527
41,211,1.017658926
1247,4436,1.0175518785
151,491,1.017541452
105,314,1.017199882
547,2251,1.016821866
1175,4180,1.016320621
2513,8704,1.016224948
811,3083,1.016159405
1241,4416,1.015751778
11,134,1.015257247
1394,4646,1.014907701
2452,8598,1.014785007
900,3253,1.014589263
2150,8006,1.014451488
913,3306,1.014406335
564,2340,1.0143665425
759,2776,1.014015548
1999,7609,1.013961463
648,2623,1.013801971
1578,5806,1.013480376
2681,8972,1.013386345
1314,4515,1.013016513
1347,4572,1.012984208
1427,4739,1.0119159275
318,1180,1.011830414
776,2796,1.011706022
1001,3540,1.011301467
1444,4835,1.011159789
524,2189,1.010961495
1591,5839,1.010378462
52,224,1.0100670695
1383,4630,1.009966592
993,3517,1.008981706
991,3513,1.008677616
2344,8412,1.007629966
2013,7630,1.007573043
1550,5698,1.007546134
621,2470,1.00731096
1695,6365,1.00658919
109,358,1.006564855
2367,8463,1.006457867
967,3448,1.006391935
1593,5845,1.006154088
1484,5096,1.0060988085
1216,4227,1.005452901
1131,4086,1.005408332
2860,9250,1.005232054
16,148,1.005044851
1950,7101,1.005044528
608,2446,1.004904343
145,471,1.004668414
950,3410,1.004534114
2285,8324,1.004070576
2679,8970,1.003583041
591,2407,1.003220755
2051,7768,1.003135295
2231,8213,1.002565064
2392,8499,1.00226937
2054,7788,1.0015400460000001
1133,4092,1.001382244
1813,6746,1.000537037
2195,8104,1.000494641
257,1080,1.000266035
435,2053,1.000222275
829,3121,1.000104692
1930,7064,0.998865251
1884,6828,0.998442414
1770,6463,0.998249879
265,1090,0.998220008
2500,8689,0.997944742
83,269,0.9977932315
2353,8433,0.997131037
1932,7066,0.996064079
528,2194,0.995698346
2455,8601,0.99568708
933,3354,0.995488386
1280,4476,0.995450179
2238,8235,0.995213161
468,2102,0.9951076225
2538,8737,0.994615802
1036,3675,0.994215819
650,2626,0.99408531
845,3143,0.9929053154999999
999,3536,0.99286971
735,2749,0.9925749454999999
2499,8687,0.99248759
1913,7024,0.992116941
2099,7924,0.992101975
2126,7974,0.9918577145
1151,4150,0.991786044
1576,5800,0.990425037
4,118,0.990102557
1184,4190,0.989672029
1057,3743,0.989463751
247,1070,0.989423349
1194,4202,0.989203518
1940,7077,0.989036124
1881,6824,0.988448468
1516,5571,0.9883770725000001
753,2770,0.988351519
1094,3944,0.988308293
895,3247,0.988105761
2058,7796,0.987692146
952,3414,0.987310044
288,1122,0.987264619
1994,7604,0.9860444115
2497,8680,0.98458601
296,1138,0.9843471555000001
666,2650,0.984217262
6,122,0.9840214650000001
150,484,0.983915033
638,2506,0.9836582094999999
2560,8772,0.983402001
1664,6115,0.983304578
1943,7086,0.983279343
1106,3993,0.982955585
773,2792,0.982511022
15,146,0.982463184
537,2210,0.982319747
1461,4857,0.981912375
1270,4464,0.981892495
1968,7292,0.981746362
1644,6045,0.981304783
1298,4495,0.981154894
657,2640,0.980867934
1847,6784,0.980474658
424,2031,0.980230801
565,2341,0.979716055
1880,6823,0.978660853
1191,4199,0.978649114
1307,4505,0.978648694
2134,7985,0.978647009
1643,6044,0.978578559
1007,3549,0.978538318
2517,8710,0.978516731
2202,8162,0.978320121
1941,7083,0.978225151
2332,8388,0.978218791
989,3510,0.978121021
1341,4565,0.977979195
930,3349,0.977127514
1962,7127,0.976985021
459,2088,0.976743023
2125,7973,0.9766709445
1141,4140,0.9765121695000001
852,3154,0.976403429
2079,7893,0.976321911
610,2450,0.976139607
1196,4204,0.976047518
2798,9150,0.975954858
1276,4470,0.975501872
2279,8317,0.975177276
1244,4431,0.974996591
100,289,0.97496574
856,3160,0.974726696
1146,4145,0.974627622
689,2698,0.9745643690000001
1313,4514,0.974083833
1371,4614,0.973996118
1874,6816,0.973754098
2625,8882,0.973561765
33,195,0.9731568095
1286,4483,0.97307275
1044,3696,0.971963376
74,257,0.9715413755
724,2735,0.9715167604999999
1366,4605,0.97146078
66,243,0.97090235
489,2141,0.970390325
1995,7605,0.970339083
1315,4516,0.969739061
1508,5471,0.969338052
2018,7641,0.968987744
1211,4220,0.968011141
1910,7020,0.9679142
633,2501,0.967878012
2066,7833,0.967600419
1329,4542,0.967024932
1401,4660,0.96628804
1284,4480,0.966186195
473,2111,0.966064394
1242,4427,0.965517941
551,2304,0.965215038
2034,7671,0.965016199
944,3399,0.964000992
1099,3966,0.9639574415
1126,4058,0.963938636
1784,6652,0.963644818
1979,7427,0.963622673
2035,7672,0.963069723
2068,7852,0.962009038
2348,8421,0.961955013
550,2291,0.961669069
732,2744,0.9615470454999999
2309,8355,0.960748537
1110,4011,0.960733139
255,1078,0.960277963
2278,8316,0.959926065
2074,7882,0.959690998
217,809,0.959352116
1393,4645,0.958747698
37,204,0.958477936
623,2475,0.958169595
2211,8180,0.957318054
646,2618,0.957008787
1866,6806,0.956685845
834,3130,0.95634072
253,1076,0.956000415
947,3405,0.955716678
738,2752,0.9556626079999999
1599,5872,0.955461688
1013,3561,0.955279724
2703,9024,0.955085277
511,2171,0.955072637
1389,4640,0.954956095
2684,8977,0.954628032
242,1056,0.954587417
2425,8560,0.954371908
948,3407,0.953819552
2249,8256,0.953801523
890,3242,0.953173466
2049,7740,0.953126991
1056,3740,0.953107442
1776,6530,0.952895947
548,2254,0.952542875
397,1627,0.952281837
851,3153,0.952150646
702,2711,0.952137159
2430,8565,0.952113235
963,3439,0.951753511
2405,8527,0.951682255
1243,4428,0.951644697
1934,7068,0.951491742
2201,8161,0.951189907
1835,6771,0.95107049
1780,6635,0.9508204949999999
800,3048,0.950735954
1681,6351,0.949997921
2255,8267,0.949965673
643,2609,0.9494085305
208,692,0.949075672
1709,6380,0.949065131
1387,4636,0.948276286
1411,4680,0.948211744
2053,7787,0.9481790594999999
103,296,0.94812162
1246,4435,0.947624622
1552,5708,0.947601216
502,2160,0.9466545980000001
969,3456,0.946529861
472,2110,0.945679493
2204,8166,0.945578092
87,275,0.9444860545
718,2729,0.943689994
271,1100,0.943183782
1584,5826,0.943152586
593,2412,0.9431473995
1023,3602,0.943070517
1886,6834,0.942877543
2323,8375,0.941459276
721,2732,0.941009527
1158,4163,0.940755344
1783,6651,0.940702854
1252,4443,0.94049925
351,1214,0.939759944
968,3452,0.939340763
1086,3857,0.939149979
1257,4449,0.938899105
452,2081,0.9379593955
370,1256,0.9375522199999999
1012,3560,0.937550789
1899,6868,0.937407865
992,3515,0.9370826545000001
449,2077,0.9367756899999999
1104,3987,0.936542284
1167,4172,0.9362220490000001
2395,8504,0.936208978
1942,7084,0.936127699
1372,4615,0.936050225
636,2504,0.936026037
431,2044,0.93583543
1186,4192,0.935608146
971,3460,0.935581204
1656,6079,0.935497428
670,2658,0.935456217
67,248,0.935303329
2030,7666,0.933756769
1138,4117,0.933711494
805,3064,0.933126319
607,2444,0.932831839
1978,7392,0.932192785
1628,6012,0.931844036
2213,8185,0.931842472
1588,5834,0.93142599
1906,6908,0.931084821
1915,7027,0.930970432
396,1626,0.930522414
1338,4557,0.930429445
1117,4028,0.930137284
506,2164,0.929955085
994,3521,0.929417523
2039,7681,0.929407125
1178,4184,0.929230563
1810,6742,0.929213011
1305,4503,0.929185948
479,2119,0.929049141
1369,4612,0.9288853884999999
1471,4869,0.928824015
1574,5796,0.928544861
2263,8279,0.928159218
1170,4175,0.928026832
1496,5262,0.927519639
1412,4683,0.927460612
1694,6364,0.927255055
425,2033,0.927243432
428,2037,0.926491385
2017,7640,0.925963436
770,2788,0.925957951
1975,7380,0.925891506
469,2104,0.925484885
1992,7599,0.925099456
1172,4177,0.924023738
1790,6672,0.923840808
1900,6875,0.9236777055000001
772,2791,0.923241446
1823,6757,0.922999323
1421,4705,0.922702749
1356,4590,0.922417945
1423,4707,0.922203609
533,2206,0.9212952085
1419,4701,0.921291141
1378,4623,0.920952558
1418,4700,0.920869076
142,463,0.920742415
2040,7682,0.92057099
652,2630,0.9205027115
1398,4651,0.920368894
1326,4538,0.92010362
240,1039,0.919991173
2002,7613,0.919515938
754,2771,0.9193289790000001
78,263,0.919108953
1030,3647,0.918732023
168,543,0.918714153
443,2069,0.9186106190000001
2339,8404,0.918534091
1675,6300,0.91837606
53,225,0.918057796
2340,8406,0.917875757
2191,8100,0.917436863
162,531,0.9166823820000001
1021,3599,0.916464694
349,1212,0.916393728
840,3137,0.91573885
626,2483,0.9146430165
1619,5990,0.9145651975
120,409,0.914367027
2334,8390,0.914027544
1960,7112,0.913959209
695,2704,0.913808218
402,1639,0.913794132
904,3262,0.913643479
875,3205,0.913380654
535,2208,0.913217783
566,2347,0.913000351
1853,6790,0.912701729
815,3094,0.91255672
2289,8330,0.912126417
1259,4452,0.9120711695
690,2699,0.9118475945
762,2780,0.911417943
1775,6528,0.911291918
953,3416,0.911198291
2046,7716,0.911075084
193,628,0.910832062
411,1904,0.910632713
766,2784,0.910600722
297,1146,0.910469436
966,3447,0.910460822
1911,7021,0.910273448
2566,8792,0.910260744
530,2198,0.9100484225
291,1126,0.9087703659999999
2680,8971,0.908747775
2511,8702,0.908346371
1102,3976,0.9082055265
501,2158,0.9080096075
916,3320,0.907854261
606,2443,0.907171189
810,3080,0.906923075
1266,4460,0.906435745
2003,7614,0.906357277
1977,7388,0.906020987
419,1968,0.905920652
1807,6738,0.905579148
310,1172,0.905301845
1465,4862,0.905038496
1322,4528,0.904406196
2026,7657,0.904298429
1782,6648,0.904208072
2069,7855,0.903708016
1623,6000,0.903514283
1502,5424,0.903509982
1054,3735,0.903508499
2021,7646,0.903348949
2092,7909,0.903339199
357,1220,0.90301518
976,3479,0.902983135
694,2703,0.902602069
558,2328,0.90241721
1667,6126,0.902141826
741,2757,0.902046562
1441,4831,0.901971711
1150,4149,0.901958544
1260,4453,0.901696269
2524,8720,0.901692086
1135,4108,0.901472738
2318,8370,0.901018439
739,2753,0.9009516905
276,1105,0.900668399
707,2717,0.899515412
1850,6787,0.899416573
1092,3916,0.899058792
820,3102,0.899015247
1559,5742,0.898922854
498,2155,0.8988605555
685,2692,0.898399657
1759,6436,0.89828104
1945,7091,0.898186829
706,2716,0.8978536375
725,2736,0.897808494
641,2604,0.897288803
540,2217,0.8970214679999999
258,1082,0.895987539
1651,6056,0.89574142
1203,4212,0.8953441879999999
1028,3642,0.895274481
1514,5560,0.895131948
1113,4017,0.894879714
2757,9105,0.894728056
568,2354,0.894627875
609,2448,0.894109527
272,1101,0.893885492
1501,5404,0.893090814
96,285,0.892953262
2073,7876,0.89292999
1365,4604,0.892670352
748,2765,0.892475709
1155,4159,0.8923283
50,222,0.8914311720000001
1889,6838,0.8906992155
81,266,0.890405875
128,427,0.890022324
492,2147,0.8898383675
660,2643,0.889831392
1935,7069,0.889703467
1173,4178,0.889353735
2028,7661,0.889190556
1029,3643,0.889062828
160,511,0.8888405
32,194,0.888516933
1451,4846,0.888131638
1871,6813,0.887961695
27,186,0.887554162
2029,7664,0.887222979
1976,7387,0.887176424
1069,3796,0.886804467
1130,4079,0.886754525
668,2653,0.8866010385
295,1132,0.886121663
612,2452,0.885948629
1183,4189,0.885765008
902,3259,0.885221109
486,2135,0.884642894
2251,8260,0.883758266
1581,5816,0.883330604
658,2641,0.882996047
645,2614,0.882688583
543,2227,0.882464041
161,512,0.8822006385000001
761,2779,0.882177987
726,2738,0.881955092
2136,7987,0.8819399185
1556,5720,0.881457821
1676,6343,0.881441659
1085,3854,0.881218318
1926,7054,0.881184703
1428,4745,0.8810953020000001
2307,8353,0.880813917
1996,7606,0.880434999
793,3036,0.880057853
1212,4222,0.8799349780000001
1982,7468,0.879909888
1179,4185,0.879841178
1407,4671,0.879788869
441,2067,0.879546683
578,2375,0.879111436
614,2458,0.879046114
1095,3948,0.878997669
1277,4471,0.878895856
5,119,0.878566567
1605,5937,0.878392188
298,1148,0.8781862525
1271,4465,0.8779251745000001
2036,7673,0.877912067
975,3477,0.8778116345
1852,6789,0.8773856325
988,3507,0.87734049
2432,8567,0.87730351
1306,4504,0.87708619
1328,4540,0.876802432
379,1560,0.875950378
465,2097,0.875736789
302,1160,0.875697932
1772,6493,0.8756028745
2989,9473,0.87548492
2097,7921,0.875467389
2129,7977,0.875168987
2440,8579,0.873895619
2280,8318,0.873761785
518,2179,0.873401059
1201,4210,0.873399725
1870,6812,0.872887846
1068,3781,0.872823555
450,2078,0.872557873
714,2725,0.8723048945
1470,4868,0.872158538
737,2751,0.870886187
1513,5547,0.870827858
923,3339,0.870785765
1512,5525,0.870637315
1105,3989,0.870598295
1679,6349,0.869363346
1005,3546,0.868909158
1493,5231,0.868503813
2402,8520,0.868380794
911,3287,0.868099356
1757,6434,0.867835422
673,2662,0.8677214815000001
1279,4475,0.867682764
1122,4043,0.867391326
1127,4063,0.8666467085
2363,8457,0.866582117
2401,8516,0.866372238
1988,7591,0.865986758
833,3125,0.865548311
600,2427,0.86542734
628,2492,0.865168217
1058,3744,0.863925765
1626,6007,0.863842847
1613,5976,0.86367836
1424,4708,0.863250208
654,2633,0.862936238
1669,6139,0.862504798
1795,6692,0.861976692
383,1573,0.861911581
849,3151,0.861650629
2281,8319,0.861356851
286,1120,0.8613545985
99,288,0.8613081415000001
1597,5861,0.861191448
1447,4842,0.861093427
1948,7099,0.861046535
896,3249,0.861017582
919,3330,0.8609270925000001
405,1871,0.860807228
274,1103,0.860565464
1333,4548,0.860510341
581,2383,0.860050743
1275,4469,0.8598370595
510,2170,0.859824827
1346,4571,0.858745456
1355,4589,0.858556073
903,3260,0.858442627
1353,4587,0.858049945
2271,8300,0.858004137
1215,4225,0.857467027
914,3308,0.85735106
376,1550,0.857134309
436,2057,0.857026149
1089,3895,0.856955776
719,2730,0.856873019
915,3318,0.856869988
1662,6112,0.856388894
1180,4186,0.85629594
821,3104,0.856070449
1957,7109,0.855717557
1989,7595,0.855224607
1933,7067,0.85515045
1573,5792,0.854948787
1237,4391,0.854831785
2676,8966,0.854708604
324,1186,0.8544242070000001
949,3408,0.854404686
91,279,0.8540207074999999
1840,6776,0.853920615
1343,4567,0.853855801
1430,4785,0.853297367
2675,8964,0.85268478
433,2051,0.852601019
632,2500,0.851820511
1540,5660,0.85173902
1134,4107,0.851701226
1087,3859,0.851643444
369,1249,0.8515379
1354,4588,0.850865983
496,2153,0.850846903
1837,6773,0.850751732
251,1074,0.8502718055
803,3057,0.850224113
1458,4854,0.849682649
1443,4834,0.849490054
1400,4659,0.849391617
1120,4036,0.8492907
1453,4848,0.848851525
43,214,0.848740005
1101,3973,0.8485605185
1185,4191,0.848028085
368,1246,0.847954321
138,451,0.847877028
388,1592,0.847343294
615,2459,0.846953277
488,2140,0.846789015
835,3131,0.846665624
997,3531,0.846181961
1386,4635,0.846153535
141,459,0.845969301
2575,8809,0.845860338
1777,6536,0.845829757
476,2114,0.845711241
2071,7864,0.845628272
2682,8973,0.844922942
1376,4620,0.844385473
647,2621,0.844220711
1124,4049,0.844038532
1438,4826,0.843380969
177,570,0.842424558
314,1176,0.842407538
1898,6864,0.842302245
582,2388,0.8420151675
2377,8481,0.840527209
2057,7795,0.840478634
1234,4364,0.840474058
561,2334,0.840422771
960,3428,0.840272299
1442,4832,0.839816763
692,2701,0.8390064765
252,1075,0.838252791
143,464,0.838212914
1649,6054,0.8377586135
2031,7667,0.837657942
245,1068,0.8375584705000001
831,3123,0.837510875
602,2435,0.837489494
1445,4839,0.837309004
559,2329,0.837095379
1169,4174,0.8368127195
7,127,0.8363552030000001
703,2712,0.836324646
1219,4230,0.8358890205
1633,6020,0.835203737
2559,8769,0.835101391
2407,8534,0.834731914
2009,7623,0.83431048
573,2363,0.834269625
163,533,0.834090552
809,3075,0.833932224
1793,6680,0.833892797
1437,4825,0.832438369
108,346,0.832353652
1808,6739,0.831498571
1981,7460,0.831235349
1129,4077,0.831134378
1498,5265,0.8310083845
577,2374,0.83088843
1160,4165,0.830832158
427,2035,0.829985464
2014,7631,0.829448134
1937,7072,0.829363197
659,2642,0.829289457
28,187,0.8285730605
373,1547,0.828412506
1860,6798,0.828341219
1331,4545,0.827520974
557,2327,0.8274463775
363,1226,0.827341404
1238,4393,0.827323646
1153,4154,0.8271573539999999
1624,6004,0.826504437
2016,7639,0.826038671
1052,3728,0.82583638
1488,5180,0.825822316
2007,7619,0.825341022
563,2339,0.824411435
85,272,0.824353348
1455,4851,0.824352439
2391,8498,0.8238821
549,2267,0.823784158
1631,6016,0.823782736
1145,4144,0.823604626
590,2405,0.8234927975
1210,4219,0.823408823
2117,7960,0.8230375919999999
1827,6762,0.82297733
2023,7648,0.8224829
417,1957,0.822449142
1081,3831,0.822309614
1014,3562,0.822201932
587,2400,0.821858398
1771,6471,0.821677237
1818,6752,0.821418747
8,128,0.821109214
95,283,0.820901846
1181,4187,0.820456116
1812,6745,0.820080647
1047,3707,0.820010839
2015,7635,0.819854227
1224,4283,0.8196859645
2065,7828,0.819529111
1345,4570,0.81943769
2050,7760,0.819018978
412,1919,0.81873057
2426,8561,0.818418766
926,3344,0.818405448
973,3467,0.818395536
1781,6643,0.817963368
1352,4583,0.817834536
124,415,0.817705999
765,2783,0.817618466
920,3331,0.817546545
487,2139,0.817412549
164,536,0.8169253835000001
1168,4173,0.8168216530000001
2196,8105,0.816640504
956,3422,0.816040057
1548,5692,0.816007418
346,1209,0.815799246
97,286,0.814699565
1907,6915,0.814547688
866,3180,0.81423801
1785,6654,0.814234159
1090,3904,0.814030763
576,2372,0.813719736
873,3203,0.813566439
188,610,0.8133928505
365,1234,0.8130815775
280,1113,0.812908947
2384,8488,0.812836151
891,3243,0.812834959
846,3147,0.812684952
1894,6847,0.812638262
1199,4207,0.812573818
1166,4171,0.8124514155
1637,6032,0.812404873
1549,5696,0.812228951
778,2857,0.81191342
1067,3780,0.810430021
385,1586,0.810310641
1634,6023,0.810036604
499,2156,0.809963563
755,2772,0.809834506
45,217,0.809480593
897,3250,0.809217202
2269,8292,0.808885106
93,281,0.808765853
918,3324,0.808634581
1991,7598,0.808015595
927,3346,0.807933515
1288,4485,0.807594967
1416,4692,0.807523654
1123,4044,0.8073751755
1339,4558,0.806614552
46,218,0.806518203
709,2720,0.806477594
1565,5770,0.806212892
867,3183,0.806004729
712,2723,0.805682578
743,2759,0.805632046
456,2085,0.8055902595
825,3111,0.805587974
144,467,0.805502238
1367,4607,0.805233246
1223,4252,0.8050407305
584,2392,0.8050317410000001
1294,4491,0.8049484229999999
1640,6038,0.804880988
1993,7603,0.8045518144999999
1043,3695,0.804471705
483,2125,0.804348016
494,2149,0.8041905309999999
756,2773,0.80369862
1017,3579,0.803654898
1924,7052,0.803527644
1450,4845,0.803312689
642,2606,0.802821816
974,3474,0.802351644
1914,7025,0.802007558
1360,4596,0.801936722
1239,4404,0.801747114
1048,3708,0.801575052
2070,7856,0.801525123
334,1196,0.801432988
2558,8767,0.801378544
1891,6842,0.8009798109999999
797,3043,0.800975642
1273,4467,0.800875886
2203,8163,0.800756515
870,3191,0.800489307
595,2417,0.800257009
42,212,0.80013307
1454,4850,0.800065312
500,2157,0.7999165065
1024,3612,0.799825932
1558,5741,0.799810167
740,2756,0.799665385
1767,6449,0.799031041
1483,5087,0.798826605
2349,8422,0.798784339
767,2785,0.7985069035
909,3271,0.798434464
1209,4218,0.798058542
248,1071,0.797683585
727,2739,0.797590003
1374,4618,0.797532856
440,2064,0.797237964
854,3158,0.796716334
691,2700,0.7966216724999999
639,2533,0.796616989
1722,6395,0.796528049
1873,6815,0.79597309
332,1194,0.795918349
898,3251,0.795387078
1495,5257,0.795341706
1580,5812,0.795273813
156,499,0.795182161
236,989,0.795101619
306,1166,0.794863795
1140,4135,0.7946568039999999
107,341,0.7941955430000001
237,991,0.793729013
959,3427,0.793657275
311,1173,0.793651192
2011,7627,0.793637761
594,2414,0.793629047
206,672,0.7934762275
1895,6856,0.793403949
1607,5960,0.793052202
924,3340,0.793047568
893,3245,0.7930225535
622,2474,0.792983364
1751,6424,0.792853028
1291,4488,0.792431638
326,1188,0.7918803480000001
580,2377,0.791576522
1285,4482,0.7915248725
713,2724,0.790693309
869,3188,0.790595292
1205,4214,0.79044539
1071,3804,0.790152467
1922,7048,0.789826924
130,432,0.789551837
1595,5855,0.788696294
769,2787,0.788568287
838,3135,0.7884139605
2006,7617,0.788306139
2291,8332,0.788122958
620,2469,0.787765491
1218,4229,0.787356136
1830,6766,0.787034019
2124,7971,0.786955217
1838,6774,0.786660127
1833,6769,0.786099483
230,923,0.7859482984999999
1622,5996,0.785947327
697,2706,0.7859463
125,420,0.784795523
830,3122,0.784571205
416,1956,0.7841041815
527,2193,0.783753602
2060,7799,0.783635559
1527,5616,0.783474252
553,2309,0.7825809459999999
1862,6800,0.782475017
1500,5285,0.781857747
1973,7355,0.781740344
874,3204,0.781664712
1859,6797,0.781385433
1357,4591,0.780909825
1010,3556,0.780820422
1025,3619,0.780689812
2001,7612,0.780110655
1436,4824,0.780092411
572,2360,0.779550853
1255,4447,0.779486767
1098,3963,0.779462796
1630,6015,0.77940085
0,70,0.7791624165
1553,5711,0.778739114
1582,5819,0.778638659
1931,7065,0.778314569
1608,5963,0.778259497
1965,7180,0.777917705
2061,7801,0.777880708
1660,6104,0.777671257
1283,4479,0.777271145
1084,3839,0.776917652
1541,5662,0.776779779
515,2176,0.776717729
1701,6371,0.776169909
1375,4619,0.776140318
1625,6006,0.775756992
880,3230,0.775705986
586,2396,0.775687912
282,1116,0.7750048325
1390,4641,0.774942731
448,2076,0.77479986
2146,8002,0.77435646
1015,3564,0.774055437
1388,4639,0.773799852
1482,5077,0.773658976
361,1224,0.773502023
680,2684,0.773439455
791,3033,0.773408113
1610,5967,0.772776993
1144,4143,0.772759984
1026,3620,0.772603312
30,189,0.772058466
1457,4853,0.771949137
329,1191,0.771892469
1555,5719,0.771724241
1308,4507,0.771615514
977,3480,0.771491471
367,1242,0.771248
191,619,0.771199163
1045,3699,0.771186652
686,2693,0.7706239605
2025,7655,0.770617364
940,3371,0.770309714
1842,6778,0.770221139
1616,5987,0.769796112
651,2628,0.7697367214999999
1472,4871,0.769583348
325,1187,0.7692601530000001
380,1561,0.769046769
1997,7607,0.768927101
1629,6014,0.768698669
934,3355,0.766130746
624,2479,0.7660951305
1466,4863,0.765874331
1563,5756,0.7658009219999999
179,584,0.765751619
894,3246,0.765721416
153,494,0.765372097
1951,7102,0.765093965
1836,6772,0.764758748
990,3511,0.76418759
679,2683,0.763229218
2064,7820,0.7631145
954,3419,0.763066624
855,3159,0.762522413
1947,7098,0.762461861
1921,7044,0.762325359
1410,4676,0.762127538
1674,6267,0.761675547
605,2442,0.761659656
2041,7683,0.76162411
434,2052,0.761577613
1082,3832,0.761359882
2338,8397,0.761132052
1800,6731,0.759902168
664,2648,0.759290003
190,616,0.759261031
94,282,0.75909693
2062,7818,0.758905193
2042,7684,0.758784845
134,440,0.758736048
1041,3687,0.75866322
1189,4197,0.7580962185
381,1563,0.757835301
1505,5444,0.757404974
2022,7647,0.757325946
2038,7680,0.757275359
1646,6051,0.757241853
1632,6019,0.757020558
17,150,0.756810949
1337,4556,0.756501047
1176,4182,0.756433224
888,3240,0.756039109
1603,5899,0.755384258
178,576,0.7551335975
1515,5568,0.754470419
480,2120,0.754145373
892,3244,0.753950482
1161,4166,0.753217298
644,2611,0.753216128
1197,4205,0.752667077
931,3351,0.752380205
520,2184,0.7523662600000001
958,3424,0.75157919
1290,4487,0.751570139
342,1205,0.750978982
1865,6805,0.750960841
2453,8599,0.7505829
471,2109,0.750448869
760,2777,0.7501959935
1804,6735,0.750187714
158,504,0.750094509
1225,4287,0.7492446024999999
1075,3811,0.749181879
1079,3824,0.749160016
80,265,0.74836226
372,1300,0.748358406
2043,7687,0.748325344
48,220,0.74830941
675,2668,0.748045116
2044,7688,0.748017082
173,551,0.747915998
1600,5879,0.747854146
1382,4628,0.747747097
941,3380,0.747586525
1890,6840,0.7466672085
921,3332,0.746521665
619,2468,0.7461708925
1621,5995,0.746136127
25,178,0.746135341
238,995,0.745495908
1231,4331,0.745190423
677,2675,0.745078551
1560,5744,0.7450758
1053,3732,0.74487007
154,496,0.744672508
1358,4593,0.744641303
186,604,0.744487965
613,2453,0.744067403
269,1095,0.743535612
437,2059,0.7432559910000001
597,2424,0.7431564135
541,2218,0.743071537
2667,8947,0.742736053
57,230,0.742028501
2019,7643,0.741958153
555,2323,0.7418778214999999
1344,4568,0.741624994
140,455,0.741591145
132,436,0.740914247
73,255,0.7407693694999999
254,1077,0.740353202
1882,6825,0.739969377
782,2979,0.739885069
1841,6777,0.739056301
2067,7851,0.738880897
779,2879,0.738718583
75,258,0.738086237
955,3420,0.737148579
939,3367,0.736517776
59,232,0.735630984
1820,6754,0.735284738
54,227,0.735174487
2284,8323,0.735125999
171,548,0.734021536
1350,4580,0.733930146
1439,4827,0.7338248
1431,4817,0.733729327
883,3233,0.73360771
1449,4844,0.733508068
1031,3648,0.73289576
1929,7060,0.732805142
1096,3956,0.7327484005
1888,6836,0.732501349
2354,8435,0.732167914
1855,6792,0.73183744
1834,6770,0.7315071790000001
198,646,0.731491138
1506,5448,0.731276104
2052,7771,0.731248723
617,2465,0.730421058
905,3263,0.730173703
336,1198,0.729901964
2342,8409,0.729792279
817,3096,0.729585046
780,2937,0.729313066
1557,5724,0.729195409
1639,6036,0.728778895
552,2308,0.728557294
1618,5989,0.728455886
392,1598,0.728202587
98,287,0.7280527880000001
281,1115,0.727854714
1116,4027,0.727783459
1042,3691,0.7276994155000001
908,3268,0.727666098
1440,4829,0.727050615
505,2163,0.726873607
1811,6744,0.726783866
629,2494,0.725584008
2286,8326,0.725288361
64,239,0.725271844
583,2391,0.7249884550000001
1524,5608,0.724520055
1292,4489,0.7243839365
720,2731,0.723684802
798,3044,0.72350359
491,2146,0.7232593535
172,549,0.72302636
532,2205,0.723013584
1956,7108,0.722992713
354,1217,0.722666552
2010,7624,0.722345476
640,2539,0.722200553
1980,7435,0.720723644
1018,3584,0.720130663
71,252,0.720025914
504,2162,0.719818005
1893,6844,0.71969276
1564,5760,0.719192933
169,545,0.7190158925000001
682,2687,0.718765189
1806,6737,0.718645344
289,1124,0.71855392
943,3395,0.71833034
1974,7364,0.718165886
337,1199,0.718151244
672,2661,0.717209091
1544,5681,0.716972283
1435,4823,0.716358029
1796,6695,0.716191756
390,1595,0.715467351
839,3136,0.71531997
514,2174,0.715064948
981,3488,0.71479576
84,271,0.714781789
1789,6664,0.714309751
1986,7568,0.713599893
1816,6749,0.713462369
1463,4859,0.712762023
667,2652,0.712713667
917,3323,0.712603352
1547,5687,0.712293548
1803,6734,0.712275485
1027,3635,0.711806357
2298,8341,0.711086634
2290,8331,0.710579197
2004,7615,0.709747771
671,2660,0.709317384
681,2686,0.709293832
1936,7071,0.70887646
1615,5984,0.708839335
339,1202,0.7082434475
1955,7107,0.707501445
2135,7986,0.706516925
777,2843,0.7064308945
871,3196,0.704634465
907,3265,0.703738616
229,872,0.703223431
1887,6835,0.703096266
394,1600,0.702487577
1038,3679,0.702140777
1232,4341,0.701174486
1409,4675,0.701120301
220,838,0.700456814
1539,5659,0.700374576
79,264,0.7003363490000001
665,2649,0.6998009955
386,1590,0.699762772
348,1211,0.6989302765000001
333,1195,0.698407068
592,2408,0.698318275
1049,3715,0.698147592
554,2315,0.697930973
946,3404,0.697805824
1909,7019,0.697313483
560,2333,0.696648649
307,1167,0.696512071
863,3168,0.696267204
1364,4603,0.696162455
1198,4206,0.695936942
1534,5640,0.695708148
283,1117,0.695503988
241,1044,0.695161538
263,1088,0.694722385
1601,5887,0.694615776
1379,4624,0.694571881
957,3423,0.694336503
1327,4539,0.693741139
213,792,0.69364861
1080,3828,0.693164686
1078,3819,0.692746447
1697,6367,0.692599093
1065,3768,0.692316458
1604,5935,0.689681658
1779,6595,0.68967825
982,3489,0.688954378
44,216,0.688909981
1928,7059,0.688752523
56,229,0.6877173625
29,188,0.687606684
1456,4852,0.686016043
705,2715,0.685724786
2033,7670,0.685263077
1097,3962,0.685256797
1478,4895,0.685250481
795,3039,0.685222538
2288,8329,0.684942044
35,197,0.6848918804999999
1877,6820,0.684297543
1863,6803,0.683491241
185,599,0.683334715
935,3359,0.682967281
796,3040,0.682565368
885,3236,0.682472083
214,796,0.682328576
1462,4858,0.681941058
868,3184,0.68181204
2282,8320,0.681464961
1620,5991,0.680963871
183,594,0.6809421410000001
1077,3816,0.680369896
676,2672,0.680045323
76,261,0.680020938
1523,5604,0.679619988
244,1067,0.67956966
234,983,0.679322542
1998,7608,0.679172483
887,3239,0.67907237
225,850,0.678760247
1577,5803,0.678590963
1832,6768,0.67797178
1892,6843,0.67755707
70,251,0.677179215
1826,6761,0.676780709
567,2352,0.674306081
264,1089,0.674124473
308,1168,0.673976609
1125,4056,0.673179958
929,3348,0.673015325
906,3264,0.672824277
1828,6763,0.672631313
1668,6133,0.672578041
1032,3660,0.671368307
1638,6035,0.670822724
945,3403,0.670642788
1572,5791,0.669032668
355,1218,0.668196092
2085,7901,0.667950064
688,2697,0.667771493
1766,6447,0.6673135525
90,278,0.666715759
246,1069,0.6659476255
1529,5624,0.665875273
1650,6055,0.665222775
1778,6587,0.664660956
1952,7103,0.664605676
1429,4764,0.664392999
1543,5676,0.663740341
2376,8480,0.661927126
523,2187,0.66152049
816,3095,0.661399239
2008,7620,0.661352835
579,2376,0.661237065
358,1221,0.660370904
61,235,0.660258211
884,3235,0.660161181
1448,4843,0.659511865
149,480,0.659143798
899,3252,0.658413921
539,2215,0.658142566
39,208,0.6569450025000001
1554,5712,0.65665538
235,988,0.656055182
133,439,0.655798838
922,3335,0.655739855
1464,4860,0.65565044
1648,6053,0.6554168505
1518,5584,0.655244044
493,2148,0.6545115125000001
203,666,0.654475103
1917,7035,0.654442235
1511,5523,0.654118438
1594,5851,0.653666545
1076,3815,0.653456588
1051,3723,0.653112567
1611,5968,0.650740916
1642,6040,0.65061422
1773,6515,0.64959123
2295,8338,0.649586959
273,1102,0.649410767
218,831,0.649296139
860,3164,0.646980605
1839,6775,0.646299579
1091,3908,0.646197938
517,2178,0.646160378
328,1190,0.644621272
661,2644,0.644384173
1143,4142,0.6434147665
2063,7819,0.642762054
233,979,0.642474046
842,3139,0.641849103
1825,6760,0.641783003
1896,6859,0.640628667
1815,6748,0.640208989
663,2647,0.6401055010000001
1093,3939,0.63980409
205,668,0.639489423
1606,5956,0.639460987
2012,7629,0.639379028
2294,8337,0.639335099
1536,5648,0.63891304
202,664,0.638734378
232,976,0.637676503
256,1079,0.637444633
1635,6028,0.637371021
1614,5980,0.637025732
1073,3808,0.636587709
184,596,0.635518513
319,1181,0.635031372
1802,6733,0.634824946
616,2464,0.634752409
139,452,0.634537919
1154,4156,0.634449
1064,3763,0.63398712
802,3055,0.633718937
239,1012,0.633670683
2037,7679,0.633606958
1519,5591,0.633042171
352,1215,0.6329614045
360,1223,0.632505225
167,542,0.632190915
804,3063,0.631033672
34,196,0.630891025
1530,5628,0.630615719
669,2655,0.630277219
1586,5832,0.629692326
2296,8339,0.628340989
1885,6831,0.628042124
1858,6796,0.628038891
1661,6111,0.627915292
2,107,0.626543456
1526,5615,0.625819679
1510,5516,0.624624118
65,241,0.623267394
1925,7053,0.623226613
1602,5892,0.623161072
338,1201,0.622903463
850,3152,0.622561715
340,1203,0.622122526
189,613,0.622052082
1831,6767,0.621847366
928,3347,0.621614798
393,1599,0.621491154
734,2748,0.620277086
176,554,0.619867616
1531,5631,0.61891172
1848,6785,0.618576452
1142,4141,0.618429002
231,971,0.618355087
21,160,0.616992643
224,848,0.61687049
1971,7331,0.616677246
942,3387,0.615203309
1798,6723,0.615119029
3,114,0.615030098
881,3231,0.614108265
1824,6759,0.61328868
589,2403,0.613250087
1794,6682,0.61105265
1473,4872,0.610116777
1817,6751,0.606142439
268,1094,0.605053516
1797,6715,0.604641457
101,291,0.602969989
122,411,0.602706533
1006,3548,0.601260392
1953,7104,0.6010904
1467,4864,0.600593473
1050,3717,0.600489911
1708,6379,0.600486922
785,3012,0.599777622
1546,5685,0.598690486
38,205,0.598165146
1666,6123,0.597180249
1340,4564,0.596961008
836,3132,0.596702233
823,3108,0.596482969
1562,5749,0.594276123
344,1207,0.594143538
2277,8315,0.594077439
1636,6031,0.593357871
1861,6799,0.592565112
1919,7039,0.591852064
1517,5580,0.591601485
1019,3588,0.590595839
1016,3568,0.590280567
345,1208,0.589337339
102,295,0.589164363
207,687,0.588896891
1070,3803,0.586947626
166,541,0.586137626
250,1073,0.5859877
1645,6048,0.585981051
865,3176,0.585790784
925,3343,0.585501429
387,1591,0.584361461
341,1204,0.583383974
2000,7611,0.583237475
135,444,0.582563778
197,640,0.581311256
882,3232,0.579903422
89,277,0.5797855605
152,493,0.578483867
1475,4883,0.578042763
1325,4535,0.576683657
1846,6783,0.576568316
215,804,0.5748991
1617,5988,0.572875095
82,267,0.5727642415
219,832,0.572434334
51,223,0.569568615
259,1083,0.568020591
366,1237,0.566950753
63,238,0.5666754900000001
1854,6791,0.566444162
1583,5824,0.565729835
347,1210,0.564805607
662,2645,0.5643196775
1545,5684,0.561968902
270,1099,0.5611029235
1627,6011,0.560492205
1381,4627,0.559409931
327,1189,0.55750597
350,1213,0.557105633
1647,6052,0.556991832
1609,5964,0.556931762
62,236,0.555293606
210,779,0.548724031
1567,5775,0.547135458
1822,6756,0.54650623
1474,4876,0.546416044
195,635,0.544279463
1670,6144,0.541829145
1107,3995,0.54028912
228,859,0.539443939
1792,6676,0.534515227
353,1216,0.533858192
267,1093,0.533237438
1108,4003,0.531970617
1537,5651,0.53150339
1055,3739,0.531257125
1525,5611,0.531230755
200,659,0.531038993
1821,6755,0.528517623
878,3220,0.528500595
182,588,0.527725173
305,1165,0.527608984
1520,5596,0.525226068
1857,6795,0.525222804
192,623,0.523969942
335,1197,0.5206549045
1920,7043,0.519930044
1844,6780,0.519716075
1551,5700,0.519346953
47,219,0.5168823215
1939,7074,0.514636025
194,632,0.51388916
1819,6753,0.513465779
1791,6675,0.511584648
159,508,0.509959427
209,732,0.508164784
331,1193,0.508088516
275,1104,0.506533115
294,1130,0.505568869
516,2177,0.505017632
822,3107,0.503700911
1521,5599,0.502446736
181,587,0.502436215
170,547,0.502094197
86,274,0.499961822
227,856,0.498287761
187,607,0.49764772
204,667,0.496326102
2283,8322,0.496279886
509,2169,0.492591523
196,639,0.488475111
375,1549,0.485228459
1927,7055,0.484721801
201,663,0.483158775
1851,6788,0.481144459
1814,6747,0.480656699
1589,5835,0.474556718
1944,7090,0.474166786
212,787,0.47136943
1528,5620,0.469967265
1753,6427,0.468091124
49,221,0.466185102
1946,7097,0.465779737
58,231,0.463671852
1533,5639,0.462732408
389,1593,0.46070642
1566,5772,0.459590102
211,780,0.456048995
165,540,0.450106126
221,840,0.449336145
226,855,0.447001174
1336,4555,0.445618853
293,1129,0.444998954
1538,5652,0.444082533
287,1121,0.437742453
1128,4069,0.437161136
175,553,0.434262234
1706,6376,0.424181261
1923,7051,0.411790282
1869,6811,0.407715662
1532,5636,0.406600403
2059,7798,0.406309889
1561,5747,0.40433619
216,808,0.402366845
290,1125,0.4015077725
304,1163,0.396368592
223,844,0.395280006
1522,5603,0.395060649
261,1086,0.39470452
1641,6039,0.388449988
356,1219,0.378308673
199,651,0.368531217
222,843,0.355493155
292,1127,0.346052935
1843,6779,0.311454508
832,3124,0.299123881
827,3116,0.298321775
789,3027,0.288898073
786,3019,0.288450752
826,3115,0.283810428
174,552,0.282146863
